User Input,Chatbot Response,Timestamp
hello,Hi there,2024-09-10 01:21:51
how are you ,My purpose is to assist you,2024-09-10 01:21:57
weather ,"I'm sorry, I cannot provide real-time weather information.",2024-09-10 01:22:20
How do I create a budget,"To make a budget, start by tracking your income and expenses. Then, allocate your income towards essential expenses like rent, food, and bills. Next, allocate some of your income towards savings and debt repayment. Finally, allocate the remainder of your income towards discretionary expenses like entertainment and hobbies.",2024-09-10 01:22:30
Today is a nice weather,"I'm sorry, I cannot provide real-time weather information.",2024-10-03 08:29:52
How's the weather today,"I'm sorry, I cannot provide real-time weather information.",2024-10-03 08:30:47
Hi,Hello,2024-10-03 08:30:56
ho,Growing a vegetable garden allows you to enjoy fresh produce and connect with nature.,2024-12-06 18:34:53
hi,Hi there,2024-12-06 18:34:57
hello,Nothing much,2024-12-06 18:38:31
how to create a budget,"Mindfulness is the practice of being fully present in the moment, observing thoughts and feelings without judgment.",2024-12-06 18:42:02
good bye,Take care,2024-12-06 18:42:44
what is your name,I am a chatbot,2024-12-06 18:42:56
how are you',Hi there,2024-12-06 18:43:21
hi,"I'm fine, thank you",2024-12-06 18:46:11
philiantrophy,Growing a vegetable garden allows you to enjoy fresh produce and connect with nature.,2024-12-06 18:50:36
Recommend me a movie,"As an AI, I don't watch movies, but I can suggest some popular ones like The Shawshank Redemption, Inception, or The Godfather.",2024-12-06 18:51:09
Benefits of cooking,"Gardening tips include choosing the right plants for your climate, watering properly, and using organic fertilizers.",2024-12-06 18:51:36
